pattern,ztest score
CTTT,8.36695101612823
GTGT,8.352877658009989
TTGT,7.850714811193387
TGTG,7.764510503075557
GTTG,7.741882533175351
TTGC,7.600097801732777
CCTT,7.334143250346741
TTTG,7.279969345285657
CTTA,7.216397619769722
CCTA,7.090405503247073
TGTT,7.06617885101688
TTTC,7.037030140843904
GCTT,7.003938936967528
TTGG,6.96751495605724
TCTT,6.932135260119163
CTTG,6.740367707542405
TAAG,6.717984279761975
TGTA,6.705435026055497
TTCC,6.673633622055879
TTTT,6.625498416579893
CTGT,6.5211419365789025
ATTG,6.485276214702179
TAAT,6.427031375735344
GGTT,6.417345752614291
TATC,6.358891334507
GTAA,6.347242625811911
CATT,6.334000581308876
TTAA,6.320786535031467
TTCT,6.295703750103503
TACT,6.244688853670308
GGTA,6.211062556211304
GGGT,6.1853678721674905
TGGT,6.177538157606624
TGCT,6.168827059670299
TTAC,6.160872473797969
GTAT,6.0871442602307395
GCAT,6.064179143060866
GTCT,6.055965110366951
CTAG,6.028552191501728
GTTA,6.021306219809371
GACT,6.015109727266661
GTTT,5.977715303242639
TGTC,5.972927806023211
ACTT,5.949578876507426
GTGC,5.948556930344347
TCTG,5.927365209299999
ATTT,5.927043096444818
TTAT,5.924615203597219
AGGT,5.915261485465563
AGTG,5.912093294802965
TTTA,5.899484748225299
TGCA,5.893315454763398
TAGT,5.8512233039267185
TTGA,5.817148727278203
ATGT,5.8025036482924035
TTAG,5.7967754559537275
TGAT,5.772997830721368
ATTA,5.749446430585199
TAGA,5.745762786453387
CCAT,5.740304719080707
GTTC,5.726509347295145
GTAG,5.7221976848471545
AGTT,5.704467146436778
TATT,5.704070150861611
TAAC,5.684717220301925
GAGT,5.661995512146257
GGTG,5.660589201174748
GTGA,5.65139406408414
TGGG,5.604263027992782
ATGG,5.516218257576935
CTCT,5.513719785695983
AAGT,5.488540535217989
AATT,5.486952544740002
CATG,5.479583215183573
GATT,5.473624497529969
ATCT,5.463514750347683
ATGC,5.456101145686343
AAGG,5.44545785977653
GTAC,5.432351316637807
TATG,5.423155498229787
ACTG,5.422375912958411
TGAG,5.399848438184822
CCCT,5.386823179204858
CATA,5.382107973301593
ACTA,5.381939925282185
CTAT,5.374695794110057
CTAA,5.358996626186911
TCCT,5.339405499496079
GTGG,5.312601057735981
TCTC,5.310265694459509
CTGA,5.265070396963162
AATG,5.249025801878184
TCAT,5.234946089674348
TCCA,5.212070830719861
AGTA,5.211579879492799
CTAC,5.190556129310768
ACCC,5.153845440102306
TACC,5.105087013035628
ATAT,4.967882506153184
TAGG,4.947233714793529
TACA,4.938401321464986
ATAA,4.93596289307342
GAAT,4.905554295755065
TATA,4.900944857511118
GCTA,4.838068731586259
TGAC,4.836899937395417
ATTC,4.8202456635957995
TAAA,4.806470784822858
TGGA,4.767328506565481
GAAG,4.756105993498101
CACT,4.739686179233671
AAGC,4.727488262536118
TCTA,4.718333586418839
ACAT,4.710871831743327
TGAA,4.69556632963089
AGAC,4.65576478986782
GGAA,4.63527337778165
ACCT,4.627862198396552
CAGT,4.625095676622428
ATCC,4.585584003692548
TGGC,4.576623433857507
TGCC,4.565500202260381
GATC,4.558478723752124
ATAC,4.54964897106928
GGAT,4.545298190231555
TAGC,4.520438418646519
GGAC,4.504386797603609
AACC,4.494665047502809
GCAA,4.450087042502163
GCCT,4.447773469561424
CAAG,4.444389499828969
GGGA,4.443600195335459
TTCA,4.423651102014317
AATA,4.416982606548757
AACT,4.41346193964204
AAAT,4.40900809464386
CCAA,4.381110907879624
TACG,4.371806813885232
GGGG,4.353427657574172
AAAA,4.3496245887086085
AATC,4.346526965300216
GTCC,4.333248233874077
CAAT,4.320932645877325
CGTT,4.297375866325674
GGTC,4.261378825799218
ATCA,4.256020091121977
AGGG,4.248565414120002
CTTC,4.24146024116921
AGCA,4.236093487041708
GGCA,4.23168508241992
GACA,4.220596461861477
GATG,4.213933126811149
AGAT,4.159210214306767
ATAG,4.152782836537794
TCCC,4.1302944437730496
CCAC,4.122512684348131
GACC,4.084595626575048
ATGA,4.062589307386439
GATA,4.048069623918413
AGTC,4.0444914679435335
GCAC,4.038171175013889
ACTC,4.0085820582974065
CCTG,3.9702028052530034
CCCC,3.956924804008672
GTCA,3.9258652835651913
ACAG,3.922428934302054
GCAG,3.91021975610846
AGCT,3.897946360342393
CACA,3.8417249579271697
CCCA,3.8328121919425318
GAAC,3.82288868964007
ACCA,3.8199337182808004
CGTA,3.8074429849868117
CTGG,3.8028538865067034
GGCT,3.8013243556465564
ACAA,3.794933248910807
TCAG,3.773585154856184
AGCC,3.7551332317863375
CAAA,3.7292348095501726
AGGA,3.7260577762174867
TCAC,3.713072792991135
TCAA,3.6753550964038517
AGGC,3.6590937008019666
CTCA,3.655782106214539
GCTG,3.6401801362001045
GCCA,3.5692577628979927
TCGT,3.5650719641201545
CAAC,3.537694604399618
AACG,3.51281345956954
CATC,3.5021398430893904
CAGG,3.4769797402393494
CACC,3.472265649628038
CAGA,3.46183915341143
ACAC,3.459237016482709
GAGG,3.4541247447248917
CTGC,3.437888004568058
AACA,3.4321276657881508
AAAC,3.3923145998243958
AAAG,3.3791704714566615
AGAG,3.350224590313578
AAGA,3.3131672079274543
ACGT,3.2645166200092817
GAGA,3.1946768064929025
ACGC,3.130717403847034
AGAA,3.1104769493831177
CCTC,3.0995870256837224
GGAG,3.083215776171494
CAGC,3.07310763408914
TTCG,3.026582684663315
GCGT,2.998263580917412
GAAA,2.9845846281634487
CCAG,2.9711497619306324
GAGC,2.92682291992133
CTCC,2.888235012341632
ACGA,2.803980866741165
GCTC,2.783095940243068
GGGC,2.591427304211213
ATCG,2.5817880515601814
GCCC,2.5201421021413473
TGCG,2.457602723955825
CGTG,2.3561814924349442
CACG,2.3411350748778936
GGCC,2.3285321840493705
CGAA,2.317674780525708
CGAT,1.9989867124007263
CGCT,1.8310819102669744
CGCA,1.746776758790433
CGGA,1.7317672617848476
TCGG,1.6498487350711342
CTCG,1.6082530429015094
ACGG,1.5371947469690688
GCGA,1.5035129241205627
TCGA,1.4753985763788784
CGAG,1.4552797217394997
GACG,1.3606518314644522
CGTC,1.3215691525191973
CGGT,1.3158237226326661
TCGC,1.2871691504331246
TCCG,1.1777016765625257
CCGT,1.127600109344209
CGAC,1.0975410704040915
CCGA,1.05185256680738
ACCG,1.0022074280085111
GGCG,0.9943731837425867
CGCC,0.8528989274476088
CGGG,0.8193143282516974
GTCG,0.7706829966459611
AGCG,0.660132957967694
CCGG,0.6290053833301764
GCCG,0.6188185366460336
CCCG,0.49368905791368933
CCGC,0.47143451075967413
GCGG,0.3176967887275375
CGGC,0.20077150726164134
GCGC,-0.12941840079622782
CGCG,-0.4490857729266676
